Global transction report,From 01-04-2026 to 20-09-2026
Name,Test User
UCC,XXXXXXXXXX
Mobile,0000000000
Email ID,test@example.com

Date,Scrip Name,Exchange,Bill No.,Buy Qty.,Buy Value,Sell Qty.,Sell Value,Brokerage,GST,STT,SEBI Fees,Stamp Duty,Txn. Charges,Oth. Charges,Gross Amount
"28 Apr 2026 00:00:00","OPT NIFTY 28 Apr 2026 24000 PE","NSE","2466821","1040","17108.00","1040","25584.00","60.00","13.54","38.00","0.04","1.00","15.17","0.00","8348.25"
"29 Apr 2026 00:00:00","OPT NIFTY 05 May 2026 24500 CE","NSE","2615147","1170","79872.00","1170","85540.00","100.00","28.61","128.00","0.17","2.00","58.77","0.00","5350.45"
"30 Apr 2026 00:00:00","OPT NIFTY 05 May 2026 23500 PE","NSE","2747136","975","56257.50","975","70638.75","60.00","18.94","105.56","0.13","1.44","45.09","0.00","14150.09"
"30 Apr 2026 00:00:00","OPT NIFTY 05 May 2026 23800 PE","NSE","2747136","130","18655.00","130","22295.00","60.00","13.43","33.44","0.04","0.56","14.55","0.00","3517.98"
"04 May 2026 00:00:00","OPT NIFTY 05 May 2026 24300 CE","NSE","2900173","1105","99417.50","1105","65103.95","100.00","28.55","98.00","0.16","3.00","58.45","0.00","-34601.71"
"06 May 2026 00:00:00","OPT NIFTY 12 May 2026 24950 CE","NSE","3200891","520","16454.78","0","0.00","20.00","4.66","0.00","0.02","0.99","5.85","0.00","-16486.29"
"06 May 2026 00:00:00","OPT SENSEX 07 May 2026 80000 CE","BSE","3200891","40","480.00","0","0.00","20.00","3.63","0.00","0.00","0.01","0.16","0.00","-503.80"
"07 May 2026 00:00:00","OPT SENSEX 07 May 2026 80000 CE","BSE","3348400","0","0.00","40","28.00","20.00","3.60","0.00","0.00","0.00","0.01","0.00","4.39"
"08 May 2026 00:00:00","OPT NIFTY 12 May 2026 24500 CE","NSE","3504606","520","28590.25","0","0.00","40.00","9.03","0.00","0.03","0.56","10.15","0.00","-28650.02"
"08 May 2026 00:00:00","OPT NIFTY 12 May 2026 24950 CE","NSE","3504606","1950","14820.00","0","0.00","40.00","8.15","0.00","0.01","0.44","5.27","0.00","-14873.87"
"11 May 2026 00:00:00","OPT NIFTY 12 May 2026 24200 CE","NSE","3648694","2275","71048.25","2275","66309.75","120.00","30.41","99.46","0.14","2.13","48.80","0.00","-5039.44"
"11 May 2026 00:00:00","OPT NIFTY 12 May 2026 24500 CE","NSE","3648694","0","0.00","520","4270.50","20.00","3.87","6.41","0.00","0.00","1.52","0.00","4238.69"
"11 May 2026 00:00:00","OPT NIFTY 12 May 2026 24950 CE","NSE","3648694","0","0.00","2470","5310.62","40.00","7.54","7.97","0.01","0.00","1.89","0.00","5253.21"
"11 May 2026 00:00:00","OPT NIFTY 12 May 2026 23700 PE","NSE","3648694","1040","48854.00","1040","56056.00","80.00","21.13","84.39","0.10","1.70","37.27","0.00","6977.41"
"11 May 2026 00:00:00","OPT SENSEX 14 May 2026 73900 PE","BSE","3648694","120","5634.00","120","7182.00","40.00","7.95","10.77","0.01","0.17","4.17","0.00","1484.92"
"12 May 2026 00:00:00","OPT NIFTY 12 May 2026 23750 CE","NSE","3802288","3250","67518.75","3250","650.00","140.00","29.57","0.98","0.07","2.03","24.22","0.00","-67065.62"
"12 May 2026 00:00:00","OPT NIFTY 12 May 2026 23600 PE","NSE","3802288","650","27365.00","650","28886.00","60.00","14.41","43.02","0.05","0.97","19.99","0.00","1382.56"
"13 May 2026 00:00:00","OPT SENSEX 14 May 2026 73600 PE","BSE","3961291","240","21423.00","240","18982.01","60.00","13.17","28.00","0.04","1.00","13.13","0.00","-2556.33"
"18 May 2026 00:00:00","OPT NIFTY 19 May 2026 23400 CE","NSE","4404817","130","16529.50","130","14729.00","40.00","9.21","22.00","0.03","1.00","11.11","0.00","-1883.85"
"19 May 2026 00:00:00","OPT NIFTY 19 May 2026 23650 CE","NSE","4548411","65130","21723.00","65130","17361.50","1180.00","214.91","26.04","0.04","0.65","13.89","0.00","-5797.02"
"19 May 2026 00:00:00","OPT NIFTY 19 May 2026 23750 CE","NSE","4548411","650","25155.00","650","24667.50","80.00","17.60","37.00","0.05","0.75","17.70","0.00","-640.60"
"19 May 2026 00:00:00","OPT NIFTY 19 May 2026 23550 PE","NSE","4548411","32435","19792.50","32435","8108.75","780.00","142.19","12.16","0.03","0.59","9.91","0.00","-12628.63"
"19 May 2026 00:00:00","OPT NIFTY 19 May 2026 23600 PE","NSE","4548411","13000","5850.00","13000","7712.25","320.00","58.47","11.57","0.01","0.18","4.82","0.00","1467.20"
"19 May 2026 00:00:00","OPT NIFTY 19 May 2026 23650 PE","NSE","4548411","1755","10442.25","1755","26149.50","40.00","9.55","39.10","0.04","0.34","13.00","0.00","15605.23"
"19 May 2026 00:00:00","OPT NIFTY 19 May 2026 23700 PE","NSE","4548411","520","15177.50","520","17706.00","40.00","9.31","26.56","0.03","0.46","11.68","0.00","2440.45"
"19 May 2026 00:00:00","OPT NIFTY 19 May 2026 23750 PE","NSE","4548411","715","34398.00","715","33712.25","120.00","25.97","50.57","0.07","1.03","24.20","0.00","-907.59"
"20 May 2026 00:00:00","OPT NIFTY 26 May 2026 23500 CE","NSE","4699001","130","27657.50","130","28122.25","80.00","17.98","42.09","0.05","0.60","19.82","0.00","304.21"
"20 May 2026 00:00:00","OPT NIFTY 26 May 2026 23500 PE","NSE","4699001","65","13432.25","65","12606.75","40.00","8.87","18.91","0.03","0.40","9.25","0.00","-902.96"
"21 May 2026 00:00:00","OPT NIFTY 26 May 2026 24400 CE","NSE","4835669","845","8323.25","0","0.00","20.00","4.13","0.00","0.01","0.25","2.96","0.00","-8350.60"
"21 May 2026 00:00:00","OPT SENSEX 21 May 2026 75200 CE","BSE","4835669","2000","3100.00","2000","100.00","80.00","14.59","0.15","0.00","0.09","1.04","0.00","-3095.87"
"21 May 2026 00:00:00","OPT SENSEX 21 May 2026 75400 CE","BSE","4835669","100","4555.00","100","5055.00","40.00","7.76","7.58","0.01","0.14","3.12","0.00","441.38"
"21 May 2026 00:00:00","OPT NIFTY 26 May 2026 23650 PE","NSE","4835669","65","9958.00","65","10305.75","40.00","8.50","15.46","0.02","0.30","7.20","0.00","276.27"
"21 May 2026 00:00:00","OPT NIFTY 26 May 2026 23750 PE","NSE","4835669","65","12086.75","65","12727.00","40.00","8.79","18.65","0.02","0.26","8.81","0.00","563.72"
"21 May 2026 00:00:00","OPT SENSEX 21 May 2026 74600 PE","BSE","4835669","800","25581.00","800","19700.00","80.00","17.06","29.55","0.05","0.77","14.72","0.00","-6023.14"
"21 May 2026 00:00:00","OPT SENSEX 21 May 2026 75200 PE","BSE","4835669","200","6350.00","200","5740.00","40.00","7.91","8.61","0.01","0.19","3.93","0.00","-670.65"
"22 May 2026 00:00:00","OPT NIFTY 26 May 2026 24400 CE","NSE","4981649","910","7949.50","1755","19041.75","60.00","12.53","29.00","0.03","0.00","9.59","0.00","10981.10"
"25 May 2026 00:00:00","OPT NIFTY 02 Jun 2026 24850 CE","NSE","5114919","780","8050.24","780","13987.97","100.00","19.41","21.16","0.02","0.48","7.83","0.00","5788.82"
"25 May 2026 00:00:00","OPT NIFTY 26 May 2026 24350 CE","NSE","5114919","1690","17491.50","1690","10562.50","40.00","9.00","15.84","0.03","0.52","9.97","0.00","-7004.35"
"26 May 2026 00:00:00","OPT NIFTY 02 Jun 2026 24800 CE","NSE","5255687","2080","20211.80","0","0.00","40.00","8.50","0.00","0.02","0.61","7.18","0.00","-20268.11"
"26 May 2026 00:00:00","OPT SENSEX 27 May 2026 77600 CE","BSE","5255687","740","12374.02","0","0.00","40.00","7.93","0.00","0.01","0.37","4.02","0.00","-12426.35"
"26 May 2026 00:00:00","OPT NIFTY 26 May 2026 24000 PE","NSE","5255687","2405","60732.75","2405","56589.00","160.00","36.32","85.00","0.12","2.02","41.69","0.00","-4468.90"
"27 May 2026 00:00:00","OPT SENSEX 27 May 2026 77600 CE","BSE","5413573","0","0.00","740","999.00","20.00","3.66","2.00","0.00","0.00","0.32","0.00","973.02"
"29 May 2026 00:00:00","OPT NIFTY 02 Jun 2026 24800 CE","NSE","5564176","0","0.00","2080","6136.00","40.00","7.59","9.00","0.01","0.00","2.18","0.00","6077.22"
"01 Jun 2026 00:00:00","OPT NIFTY 02 Jun 2026 23900 CE","NSE","5703363","455","7280.00","455","7120.75","40.00","8.12","10.68","0.01","0.46","5.12","0.00","-223.65"
"01 Jun 2026 00:00:00","OPT NIFTY 02 Jun 2026 23250 PE","NSE","5703363","390","6591.00","390","6981.00","40.00","8.07","10.47","0.01","0.20","4.82","0.00","326.42"
"01 Jun 2026 00:00:00","OPT NIFTY 02 Jun 2026 23550 PE","NSE","5703363","65","5430.75","65","5846.75","40.00","7.92","8.77","0.01","0.16","4.01","0.00","355.13"
"01 Jun 2026 00:00:00","OPT NIFTY 02 Jun 2026 23600 PE","NSE","5703363","65","6158.75","65","6396.00","40.00","8.01","10.08","0.01","0.18","4.46","0.00","174.51"
"02 Jun 2026 00:00:00","OPT NIFTY 02 Jun 2026 23300 CE","NSE","5849507","130","7780.50","130","8079.50","40.00","8.22","12.12","0.02","0.23","5.64","0.00","232.78"
"02 Jun 2026 00:00:00","OPT NIFTY 02 Jun 2026 23450 CE","NSE","5849507","845","7943.00","845","8534.50","40.00","8.26","12.80","0.02","0.24","5.85","0.00","524.33"
"02 Jun 2026 00:00:00","OPT NIFTY 02 Jun 2026 23500 CE","NSE","5849507","975","8190.00","975","12675.00","40.00","8.54","19.40","0.02","0.09","7.42","0.00","4409.53"
"02 Jun 2026 00:00:00","OPT NIFTY 02 Jun 2026 23350 PE","NSE","5849507","6500","8775.00","6500","0.00","80.00","14.96","0.00","0.01","0.26","3.12","0.00","-8873.35"
"02 Jun 2026 00:00:00","OPT NIFTY 02 Jun 2026 23400 PE","NSE","5849507","1430","5934.50","1430","3789.50","40.00","7.82","5.68","0.01","0.18","3.45","0.00","-2202.15"
"03 Jun 2026 00:00:00","OPT SENSEX 04 Jun 2026 72000 PE","BSE","6009042","200","1830.00","200","2300.00","40.00","7.44","3.00","0.00","0.00","1.34","0.00","418.22"
"17 Jun 2026 00:00:00","OPT NIFTY 23 Jun 2026 23950 CE","NSE","7503945","65","15275.00","65","15301.00","40.00","9.16","22.95","0.03","0.46","10.86","0.00","-57.47"
"17 Jun 2026 00:00:00","OPT NIFTY 23 Jun 2026 24100 CE","NSE","7503945","130","15457.00","130","15782.00","40.00","9.20","23.67","0.03","0.46","11.10","0.00","240.54"
"17 Jun 2026 00:00:00","OPT SENSEX 18 Jun 2026 77800 CE","BSE","7503945","840","50946.99","840","52180.01","120.00","27.65","78.27","0.10","1.53","33.52","0.00","971.94"
"17 Jun 2026 00:00:00","OPT NIFTY 23 Jun 2026 23850 PE","NSE","7503945","585","54171.00","585","53806.99","120.00","28.53","80.48","0.11","1.63","38.37","0.00","-633.12"
"17 Jun 2026 00:00:00","OPT SENSEX 18 Jun 2026 76600 PE","BSE","7503945","620","74373.00","620","71348.01","160.00","37.35","107.02","0.14","2.40","47.36","0.00","-3379.26"
"17 Jun 2026 00:00:00","OPT SENSEX 18 Jun 2026 76700 PE","BSE","7503945","120","17280.00","120","17074.00","60.00","12.82","25.61","0.03","0.52","11.17","0.00","-316.15"
"18 Jun 2026 00:00:00","OPT SENSEX 18 Jun 2026 77800 CE","BSE","7644694","1000","13250.00","1000","8500.00","40.00","8.47","12.75","0.02","0.68","7.06","0.00","-4818.99"
"18 Jun 2026 00:00:00","OPT SENSEX 18 Jun 2026 76500 PE","BSE","7644694","1000","10750.00","1000","12250.00","40.00","8.55","18.25","0.02","0.32","7.48","0.00","1425.38"
"20 Jul 2026 00:00:00","OPT NIFTY 21 Jul 2026 24150 CE","NSE","10771227","390","30780.75","390","34671.00","60.00","15.00","52.01","0.07","0.92","23.26","0.00","3739.00"
"20 Jul 2026 00:00:00","OPT NIFTY 21 Jul 2026 24200 CE","NSE","10771227","1170","92569.75","1170","73206.26","120.00","32.23","109.81","0.17","2.78","58.90","0.00","-19687.38"
"20 Jul 2026 00:00:00","OPT NIFTY 21 Jul 2026 24100 PE","NSE","10771227","1235","66823.25","1235","56007.25","120.00","29.48","83.57","0.12","2.42","43.64","0.00","-11095.23"
"20 Jul 2026 00:00:00","OPT NIFTY 21 Jul 2026 24150 PE","NSE","10771227","715","46088.25","715","46380.75","80.00","20.33","69.57","0.09","1.38","32.85","0.00","88.27"
"20 Jul 2026 00:00:00","OPT NIFTY 21 Jul 2026 24200 PE","NSE","10771227","1755","116827.75","1755","107360.50","180.00","46.78","161.04","0.22","3.50","79.65","0.00","-9938.45"
"21 Jul 2026 00:00:00","OPT NIFTY 21 Jul 2026 24250 CE","NSE","10926430","975","6873.75","975","146.25","40.00","7.65","0.22","0.01","0.21","2.49","0.00","-6778.08"
"21 Jul 2026 00:00:00","OPT NIFTY 21 Jul 2026 24350 CE","NSE","10926430","16315","95647.50","16315","20644.00","560.00","108.26","30.78","0.11","2.79","41.32","0.00","-75746.76"

Net P&L,-290063.06,Brokerage,6860,Gross P&L,-278409.5245,Total Charges,11653.5355

NOTE : This sheet was downloaded at 20/09/2026 13:17
